종목명,장점_제목1_문장1,단점_제목1_문장1,장점_제목1_문장2,단점_제목1_문장2,장점_제목1_문장3,단점_제목1_문장3,장점_제목2_문장1,단점_제목2_문장1,장점_제목2_문장2,단점_제목2_문장2,장점_제목2_문장3,단점_제목2_문장3,장점_제목3_문장1,단점_제목3_문장1,장점_제목3_문장2,단점_제목3_문장2,장점_제목3_문장3,단점_제목3_문장3,장점_제목1,단점_제목1,장점_제목2,단점_제목2,장점_제목3,단점_제목3,종목코드
퓨릿,"동사는 산업용 및 디스플레이 공정에서 발생하는 폐유기용제 정제 사업을 발판삼아 원재료를 합성하여 일반 산업용 뿐만 아니라 전자급(반도체, 디스플레이)의 케미컬 제품을 중심으로 사업을 확장하였습니다.",국내외 각종 수요 회복이 예상과 달리 지연될 경우 당사가 영위하는 사업 및 당사 재무 상황에 부정적 영향을 미칠 가능성이 높습니다.,,"다만, 그럼에도 불구하고 주요국 통화정책의 향방 및 중국경제의 회복 양상 등 주요 불확실성 요인이 잠재되어 있어 실물경제 및 금융시장의 변동성이 커지는 상황이며, 만약 경기 악화가 지속될 경우 결국 당사가 영위하는 사업에 부정적인 영향을 미칠 수 있습니다.",,"또한, 향후 각국 정부의 정책 방향에 따라 경기 정상화 여부와 속도가 달라질 수 있으며 국내외 각종 수요 회복이 예상과 달리 지연될 경우 민간소비 위축, 설비투자 지연, 수출 감소 등으로 국내외 경기는 물론 궁극적으로 당사가 영위하는 사업 및 당사 재무 상황에 부정적 영향을 미칠 가능성이 높으므로, 투자자께서는 이 점 유의하시기 바랍니다.","동사는 주요 고객인 삼성전자, SK HYNIX, LG DISPLAY, 동진세미켐, 이엔에프테크놀로지, 동우화인켐 등으로부터 전자산업용 재료의 Resourcing 분야에서 제품의 품질과 품질관리능력 측면에서 인정받고 있습니다.","반도체 수요의 주를 이루는 서버, PC, 모바일 부문의 반도체 수요 둔화가 발생할 경우 당사의 매출 및 수익성에 부정적인 영향을 미칠 수 있습니다.",,"이러한 세계 반도체 시장의 지속적인 성장세에 힘입어, 당사가 현재 영위하고 있는 고성능 반도체 패턴용 공정소재 글로벌 시장은 2020년 약 551억 달러에서 2026년 986억 달러로 연평균 10.20%로 성장할 것으로 전망되고 있으며, 국내시장은 2020년 11조 115억원에서 2026년 약 17조원으로 연평균 7.48%로 성장할 것으로 전망되고 있습니다.",,"다만, 반도체 수요의 주를 이루는 서버, PC, 모바일 부문의 반도체 수요 중 어느 하나의 수요 증가가 둔화된다면 반도체 시장의 성장성이 둔화될 위험이 존재하며, 해당 산업들의 불황이 발생할 경우 당사의 매출 및 수익성에 부정적인 영향을 미칠 수 있으므로, 투자자께서는 이 점 유의하시기 바랍니다.",동사의 2020년~2022년 연평균 매출액 증가율은 32.79%로 업종평균 13.79% 대비 매우 높은 수준을 보이고 있습니다.,시장 전망과 달리 반도체산업의 수요부진과 설비투자 하락이 장기간 지속될 경우 당사의 성장과 경영 실적에 부정적인 영향을 미칠 가능성이 있습니다.,,"블룸버그통신은 세계반도체장비재료협회(SEMI)의 자료를 인용하여 2024년 한국의 반도체 투자 규모가 210억달러로 2023년 대비 41.5% 증가하여 중국을 제치고 1위로 올라설 것으로 전망하고 있으며, 이는 미국의 반도체 장비 수출 규제 조치로 반도체 수급망의 재조정이 이루어진데 따른 것으로 분석하고 있습니다.",,"그러나 시장 전망과 달리 국내ㆍ외 정세, 영업 환경 및 경쟁 환경의 변화에 따라 반도체산업의 수요부진과 설비투자 하락이 장기간 지속될 경우 당사의 성장과 경영 실적에 부정적인 영향을 미칠 가능성이 있으니, 투자자께서는 이 점 유의하시기 바랍니다.",회사의 사업 현황,국내외 거시경기 침체 및 불확실성 관련 위험,기술력,전방 산업(반도체 제조 및 소재 시장)의 성장성 둔화 가능성으로 인한 위험,성장성,반도체 시장의 설비투자 축소 관련 위험,445180
신성에스티,당사는 2013년 전기차 사업으로 전환 이후 지속적으로 매출액 성장을 시현하고 있습니다.,"주요국의 금리 인상 가속화, 우크라이나 전쟁 장기화 등의 영향으로 경기 회복 지연은 향후에도 한동안 지속될 수 있습니다.","전기차에 대한 OEM 전략 타임라인] image05.jpg Deloitte Insights, 2022 이에 따라, 2030년까지 EV용 배터리에 대한 글로벌 수요는 3,750GWh 규모가 될 것으로 예상하고 있으며, 해당 시장은 연평균 성장률이 35%로 추정되는 고성장 산업입니다.","또한, 팬데믹 전개의 불확실성으로 위험요인이 혼재하여, 은행 위험 구체화로 인한 대출 감소, 사회 불안 확대 및 지정학적 무역갈등으로 인한 경기하방 가능성을 지적했습니다.","image01.jpg [출처 : SNE Research('22)] image02.jpg [출처 : SNE Research('22)] 현재 각 지역/국가별 지원 및 규제정책이 강화됨에 따라 전기차 전환 로드맵이 구체화 되고 있으며 배터리 수요 충족을 위해 공격적인 투자가 지역별로 이뤄지고 있습니다.- 중국세계 최대의 자동차 시장인 중국은 자국 내 심각한 대기오염을 줄이고 석유 수입의존도를 낮추기 위해, 전기자동차 분야를 적극 육성하려는 목표를 수립했습니다.","이처럼 코로나19 이후 각국 정부 및 중앙은행의 적극적인 정책대응으로 예상보다 빠른 경기를 회복하며, 펜트업 모멘텀 현상으로 인한 민간소비 증대 현상이 발생했음에도 불구하고 러시아-우크라이나 전쟁으로 인한 지정학적 리스크, 가파른 금리 인상으로 인한 금융 불안정성 확대, 경기 침체 우려 등 국내외 경제에 큰 영향을 미칠 수 있는 불확실성 역시 상존하고 있습니다.",이차전지 시장은 무선기기 보급률 증가와 각국의 탄소중립의 영향으로 향후 사용량이 지속 증가 할 것으로 예상합니다.,각국의 전기차 및 2차전지 관련 지원정책들이 중단되거나 축소되고 산업발전에 저해 할 수 있는 신규 정책이 도입 될 경우 당사가 영위하는 2차전지 부품 산업 역시 부정적인 영향을 받을 수 있습니다.,"더불어 생산 제품에 대한 고객의 요구사항 및 특성을 면밀히 검토하여 독보적인 기술로 당사에서만 생산할 수 있는 특화된 제품을 개발하여 그 기술력을 인정받고 있으며 각 제품별 생산에 필요한 핵심 공정을 내재화 및 자동화함으로써 기술, 공급가격, 생산성, 납기 등에 대해 고객의 니즈에 신속하게 대응하고 있습니다.","다만, 각국의 전기차 및 2차전지 관련 지원정책들이 중단되거나 축소되고 산업발전에 저해 할 수 있는 신규 정책이 도입 될 경우 전방산업의 성장에 부정적인 영향을 미칠 수 있으며 전방 산업 위축에 따라 당사가 영위하는 2차전지 부품 산업 역시 부정적인 영향을 받을 수 있습니다.","금형이란 재료의 소성, 전연성, 유동성 등의 성질을 이용하여 재료를 가공성형, 제품을 생산하는 도구로 금속재료를 사용하여 만들어진 형을 지칭하며 동일형상, 동일규격의 제품을 대량 생산하기 위해 모체가 되는 틀으로 프레스 설비를 활용하여 금속을 가공함에 있어 반드시 필요한 고가의 기능품입니다.",전방산업 경기 불확실성에 따른 위험당사는 프레스 기술을 기반으로 Busbar 및 배터리 모듈 케이스 등 2차전지 부품을 주요 제품으로 제조 및 판매하고 있으므로 전방산업인 ESS 및 전기차 시장의 수요와 밀접한 관계를 가지고 있습니다.,"동사는 업계최초로 Press 자동화 생산 System을 구축하여 Smart Factory를 실현해 나가고 있으며 프레스 가공에서부터 세척, 포장에 이르기까지 전 공정을 자동화하여 Non-Stop 생산 라인을 구축함으로써 동종업계에서 차별화된 생산기술을 바탕으로 원가절감 및 기술력 초격차를 실현하고 있습니다.","신규 경쟁업체의 시장 진입, 기존 업체와의 경쟁심화 또는 그 외 예측하기 어려운 여러 요인들로 시장의 경쟁판도는 시장 참여 업체의 경쟁력, 기술력, 대응력 등에 따라 변동 가능성이 존재합니다.","(단위 : 백만원) 구 분 2023연도 반기 2022연도 2021연도 2020연도 매출채권 37,466 36,979 27,866 25,955 손실충당금 31 40 76 490 손실충당금 / 매출채권 (%) 0.1% 0.1% 0.3% 1.9% 손실충당금의 경우 또한 2020년에는 매출채권 대비 1.9% 가량에 달하나, 2021년도부터는 매출채권의 0.1% ~ 0.3% 가량만 계상되고 있습니다.","이와 같이 당사가 오랜 기간 쌓아온 기술력, 노하우, 그리고 주요 고객사와의 유대관계 등으로 미루어 볼 때, 단기간 내 신규 업체의 진입 또는 기존 업체와의 경쟁 심화로 인해 당사에 미칠 부정적인 영향은 제한적일 것으로 판단되나, 여전히 신규 경쟁업체의 시장 진입, 기존 업체와의 경쟁심화 또는 그 외 예측하기 어려운 여러 요인들로 시장의 경쟁판도는 시장 참여 업체의 경쟁력, 기술력, 대응력 등에 따라 변동 가능성이 존재 하므로 투자자께서는 이 점을 유의하시기 바랍니다.","2020년 손실충당금 중 2021년 회수 불가능으로 인해 제각된 채권 473백만원이 존재하나, 이는 채권 소멸시효 완성으로 인해 제각된 금액으로 2차전지 사업 관련 거래처에 해당되지 않습니다.",,사업의 수익성,국내외 경기 변동에 따른 불확실성 증대 위험,사업의 성장성,각국의 전기차 관련 정부정책 변화에 따른 위험,회사의 경쟁력,경쟁 심화에 따른 위험,416180
한싹,"시장의 규모 및 산업의 성장잠재력 정보보호산업 정보보호산업은 정보보호제품을 개발, 생산 또는 유통하거나 정보보호에 관한 컨설팅, 보안관제 등 서비스를 수행하는 산업으로서 기술의 적용영역, 제품의 특성 등에 따라 정보보안, 물리보안, 융합보안으로 분류됩니다.","현재 세계 경제는 높은 수준의 인플레이션, 각국의 급격한 금리 인상, 러시아-우크라이나 전쟁, 코로나-19 등의 경기 하방요인에 직면하고 있습니다.","정보보호산업 내 정보보안 매출액은 2021년 4.5조원으로 연평균 13.7%의 성장률을 보이고 있으며, 물리보안은 9.3조원으로 연평균 7.3% 성장하고 있습니다.","또한 러시아-우크라이나 전쟁과 중국의 경기회복에 따른 에너지가격 상승, 노동시장의 경직성 등으로 인플레이션이 지속될 가능성이 존재하며, 중국의 낮은 백신 접종률 및 부족한 의료시설에 따른 경기회복 제약 등으로 인해 경기하방 위험은 여전하다고 언급했습니다.","2019~2021년 정보보호산업 세부 매출 현황] (단위: 백만원, %) 구분 정보보안 물리보안 합계 매출액 성장률 매출액 성장률 매출액 성장률 2019년 3,618,773 - 7,561,734 - 11,180,507 - 2020년 3,921,387 8.4% 8,302,865 9.8% 12,224,252 9.3% 2021년 4,549,734 16.0% 9,311,446 12.1% 13,861,180 13.4$ 출처: 2022년 정보보호산업 실태조사(과학기술정보통신부, 한국정보보호산업협회) 또한 정보보안분야 매출액 중 제품/솔루션은 3.1조원, 서비스 매출은 1.4조원 수준이며, 한싹의 주력 사업 분야인 네트워크 보안솔루션(방화벽, 망분리, 가상사설망(VPN) 등)이 0.9조로 가장 큰 비중을 차지하고 있습니다.","상기한 바와 같이 국내외 경기는 러시아-우크라이나 전쟁, 코로나-19 등의 예상하기 어려운 대내외적 위험에 직면하였고 이에 대응하기 위한 각국 정부의 통화 및 재정 정책의 향방 또한 예측하기 어려운 상황입니다.",기술의 완성도동사는 2011년 CC인증 획득 후 망간자료전송 솔루션을 시장에 출시했습니다.,"정보보호산업에서 당사가 주력으로 영위하고 있는 정보보안 사업은 전방산업인 IT 산업, 특히 인터넷 및 소프트웨어 산업과 매우 밀접한 연관이 있으며, IT산업의 성장은 경기의 변동에 큰 영향을 받고 있습니다.","출시 후 선진입한 경쟁업체들 속에서 기술력을 인정받게 되었고, 나라장터에서 확인한 업체별 망간자료전송 시장점유율은 2015년 0% 였지만, 2016년 10%, 2017년 22%로 확대되었고, 2022년 37%, 2023년 반기 현재 37%로 업계 2위 자리에 위치하고 있습니다.","디지털 대전환 시대에 있어 클라우드 생태계 확산 및 인공지능 시대를 맞이하여 정보보안 산업은 더욱 견고한 성장을 보이고 있으나, 세계적인 경기 악화에 따라 경기 침체가 발생하는 경우 주요 기업 및 기관들은 비용 축소를 위해 IT 투자를 우선 축소할 것을 고려하거나, 집행시기를 연기하는 등 보수적 예산관리 경향을 유지하므로 경기와 기업의 IT투자 지출은 상호 연동되는 특성을 보입니다.","또한 동사는 오랜 기간 축적한 기술력을 바탕으로, 지속적인 자체 연구개발 및 정부출연 연구를 진행하고 있습니다.","최근 비대면 업무 확대, IT 인프라 다변화 및 클라우드 이전 등 잠재적 공격표현이 급속히 증가하여, 이에 따른 사이버 환경에 대한 위험성이 고조되고 있고, 각국은 사이버공간의 중요성을 인식하여 주요 정부 공공기관 및 기업들의 IT투자와 정보보호 투자가 지속적으로 증가하고 있으며, 새로운 업무환경 관련 정보보안이슈, 정책 및 규제 변화에 따라 사이버 버안 위협관리의 중요성은 더욱 확대되고 있어 보안 수요의 증가가 기대되고 있습니다.",기업 성장전략 동사는 고객사의 니즈에 맞춘 제품을 출시하여 타경쟁사와 차별화된 서비스를 제공해왔습니다.,당사의 주력 제품은 네트워크 보안 솔루션으로 주력 시장은 정보보안시장으로써 당사가 영위하고 있는 주요사업분야는 망간자료전송 제품 시장입니다.,향후 성장을 위한 사업계획 동사는 지속적인 연구개발 인력 채용과 제품 개발을 통해 매출을 증진해나갈 계획입니다.,"다만 정보보안산업에 대한 정부의 장려정책과 계획이 경기상황에 따라 변동될 경우 보안산업의 성장이 높은 수준을 유지할 것이라고 확신할 수 없으며, 향후 경기불황 등의 이유로 당사가 속한 시장이 침체되거나 정보보안 산업관련 시장이 거시적 또는 미시적 요인에 의하여 성장이 이루어지지 않을 경우, 당사의 영업실적에 부정적인 영향이 미칠 수 있습니다.","기존 주력분야인 망간자료전송 솔루션을 필두로한 네트워크보안 뿐만 아니라 시스템보안(시스템 접근 통제, 시스템 계정관리)와 데이터보안, 클라우드 보안, AI 재난관제, 시스템 전 분야에서 제품을 고도화하여 고객처의 니즈를 만족시키고 매출을 증대할 계획입니다.",투자자께서는 이 점 유의하시기 바랍니다.,영업상황,국내외 거시경기 침체 및 불확실성 관련 위험,기술력,경기침체로 인한 IT 투자 축소로 인한 위험,성장성,주력시장 성장 둔화에 따른 위험,430690
인스웨이브시스템즈,UI/UX 개발 플랫폼은 패키지 소프트웨어의 한 종류로 디지털 트랜스포메이션에 따른 패키지 소프트웨어 시장의 성장과 함께 UI/UX 개발 플랫폼 시장 또한 지속적인 성장이 전망됩니다.,"IIMF가 2023년 7월 발표한 세계경제전망에 따르면, 러-우 전쟁의 지속, 인플레이션 등 대외 불확실성으로 인해 2023년 세계경제 성장률은 3.0%로 전망됩니다.","조달청 기준UI/UX 개발 플랫폼 시장 규모] (단위: 백만원) 구분 2019년 2020년 2021년 2022년 프로그램 개발용 소프트웨어 7,359 9,898 15,666 16,038 전체 소프트웨어 486,452 699,876 852,659 960,428 점유율 1.51% 1.41% 1.84% 1.67% (출처: 조달청 나라장터 종합쇼핑몰) 일반적으로 소프트웨어 업체들의 패키지 소프트웨어 매출은 제품의 라이선스 사용권으로 얻는 수익을 의미하며, 나라장터 쇼핑몰을 통한 소프트웨어 라이선스 판매 규모를 전체 패키지 소프트웨어 시장 내 공공 영역 시장 규모로 가정할 수 있습니다.","이처럼 글로벌 인플레이션 및 주요국 재정·통화정책의 향방 등 주요 대외적 불확실성 요인이 잠재되어 있어 실물경제 및 금융시장의 변동성이 높은 상황으로, 상장 이후 당사의 주가 역시 급격한 변동성을 보일 가능성이 존재합니다.",소프트웨어정책연구소는 매년 국내 산업별 패키지 소프트웨어 시장 규모를 산정하고 있으며 해당 자료에 따르면 6개의 주요 산업 분야 중 금융 분야와 제조 분야가 높은 비중을 차지하고 있습니다.,"당사가 영위하고 있는 UI/UX 솔루션 개발 및 차세대 시스템 구축 등 소프트웨어 개발 및 공급 사업은 고객의 IT 예산에 영향을 받으며, 거시경제 악화로 인해 고객사의 IT 예산이 감소하거나 신규 투자가 중단될 경우 당사의 사업 및 재무에 부정적인 영향을 미칠 수 있으므로 투자자께서는 이 점 유의하시기 바랍니다.",기술의 완성도 동사는 2002년 설립이래로 금융권 단말 및 UI/UX 전문 기업으로 많은 레퍼런스를 축척하였고 이 과정에서 진행한 많은 연구결과가 동사의 기술력의 근간입니다.,"소프트웨어 시장은 크게 패키지 SW, IT 서비스, 게임 SW로 구분되며, 당사의 솔루션 제품은 모두 완성된 형태로 고객사에 제공되는 패키지 SW에 속합니다.","웹 표준으로의 전환 수요에 힘입어 매출의 성장을 달성하였고 현재 고객사 800여곳, 3,000여개 이상의 프로젝트에 동사의 WebSquare5를 적용하며 웹 표준 기술을 선도하는 기업으로 성장했습니다.","하지만, 기술과 지식의 부족 및 프로그램 관리의 어려움 등 다양한 문제가 상존함에 따라 디지털 전환에 대한 높은 관심에도 불구하고 실제 현황 조사 결과는 이에 미치지 못하며, 특히 기업 규모가 작을수록 대응 방법을 찾지 못하는 경향이 있었던 것으로 분석됩니다.","또한 동사는 2014년 웹 표준을 개발하는 W3C에 가입하여 국내 UI솔루션 기업 중 유일하게 정식 회원사로 활동하고 있으며, WebSquare5를 중심으로 모바일 앱 개발 플랫폼 W-Matrix, 비대면 원격 업무를 위한 UI 공유서비스 W-Sharing, 웹 단말 통합 관리 도구 EdgeCenter 등 다양한 웹 표준 기반 제품을 출시하며 UI/UX 분야의 선도기업으로 자리잡았습니다.","이와 같이 디지털 전환 추진에 대한 관심은 지속적으로 증가하고 있으나, 향후 기업경기 및 전방산업의 시장 상황이 악화되는 등 외부요인의 부정적인 영향이 발생하는 경우 기업들의 디지털 전환 니즈가 감소할 수 있으며 이러한 경우 당사의 주요 사업인 UI/UX 개발 플랫폼, 금융 단말 솔루션 및 서버 개발 플랫폼 판매 및 서비스에 부정적인 영향을 미칠 수 있으므로, 투자자께서는 이 점 유의하여 투자에 임하여주시기 바랍니다.",기업 성장전략 동사는 설립 이후 웹 표준 기술에 대해 지속적으로 연구개발을 진행해 왔습니다.,"웹 표준이란 웹에서 표준적으로 사용되는 기술이나 규칙을 의미하며 HTML, CSS, JavaScript가 대표적인 웹 표준 기술에 해당합니다.","2017년 웹 기반 금융 단말 솔루션 WebTop을 출시하여 웹 표준 UI 개발을 지원하는 WebSquare5, 모바일 앱 개발을 위한 W-Matrix 등과 함께 패키지 형태로 신한은행, 기업은행, 부산은행 등에 솔루션을 성공적으로 적용했습니다.","당사는 Active-X 기술이 주류였던 국내 UI/UX 분야에서 최초로 웹 표준 개발 플랫폼 WebSquare를 출시하였고, 국내 UI/UX 플랫폼 기업 중 유일하게 국제 웹 표준화를 위한 컨소시엄 W3C 정식 회원사로 활동하며 웹 표준 규격 수립에 적극적으로 참여하고 있습니다.","개발 플랫폼 사업을 통해 확보한 웹 표준 UI 개발 기술력과 오랜 기간 금융사에 솔루션을 공급하며 축적한 금융 업무에 대한 지식을 바탕으로 동사는 금융권 UI 솔루션 분야에서 핵심적인 위치를 점하고 있고, 지속적인 대규모 차세대 시스템 사업 참여를 통해 전통 금융사에 확산되는 디지털 트랜스포메이션을 지원하는 핵심 솔루션 업체로 도약하고 있습니다.","비표준 기술에 대한 규제가 강화됨에 따라 기존 웹 표준을 따르지 않던 기업, 금융기관 및 공공기관이 적극적으로 웹 표준 UI로 대체하고자 하는 시장의 수요가 증가했습니다.",영업상황,글로벌 경기침체 및 증시변동에 따른 사업환경 악화 위험,기술력,소프트웨어 산업의 불확실성에 대한 위험,성장성,전방산업 웹 표준 수요 변화에 따른 수주 감소 위험,450520
아이엠티,HBM반도체 시장의 성장은 동사의 영업상황에 긍정적인 영향을 끼칠 것으로 예상됩니다.,"글로벌 인플레이션 및 주요국 재정ㆍ통화정책의 향방 등 주요 대외적 불확실성 요인이 잠재되어 있어 실물경제 및 금융시장의 변동성이 높은 상황으로, 상장 이후 당사의 주가 역시 급격한 변동성을 보일 가능성이 존재합니다.",이와 같은 HBM반도체 시장의 성장은 동사의 영업상황에 긍정적인 영향을 끼칠 것으로 예상됩니다.,"또한 한국은행은 2023년과 2024년의 국내 경제성장률을 각각 1.4%, 2.3%로 전망했습니다.",(단위 : 억달러) 글로벌 hbm 반도체 시장 전망.jpg [글로벌 HBM 반도체 시장 전망] 동사의 기술은 반도체 후공정 시장인 프로브카드 시장에도 적용될 수 있습니다.,"이처럼 글로벌 인플레이션 및 주요국 재정ㆍ통화정책의 향방 등 주요 대외적 불확실성 요인이 잠재되어 있어 실물경제 및 금융시장의 변동성이 높은 상황으로, 상장 이후 당사의 주가 역시 급격한 변동성을 보일 가능성이 존재합니다.","국내 기업 최초로 EUV 공정 장비 개발에 성공하였고,  EUV Mask의 패턴해상도를 월등히 향상시켜주는 EUV Mask용 레이저 응용 장비 개발에 성공함으로써 동사가 EUV 전공정 장비를 개발할 수 있는 기술력을 가지고 있음을 입증하였습니다.",전방산업인 반도체 산업의 성장은 경기의 변동에 큰 영향을 받고 있어 전방산업의 성장 둔화는 동사의 성장 둔화로 이어질 가능성이 존재합니다.,"동사의 기술력은 국내외 다양한 산업의 주요 기업들에게 채택되어 실제 공정 내에서 사용되고 있고, 공동으로 기술을 개발하고 있는 경우가 많습니다.","당사의 CO2 세정장비가 적용되고 있는 글로벌 HBM 반도체 시장은 2030년까지 연평균 31.7%의 성장율이 예상되고 있으며, 휴대폰용 카메라 모듈 시장은 2029년까지 연평균 9.56%로 성장할 것으로 전망됩니다.",다음 표는 동사의 목표 시장에서의 기술이 어떠한 기업들과 공동개발 되었는지 보여주는 표입니다.,"레이저 세정장비가 적용되는 반도체 프로브카드 시장은 2027년까지 연평균 7%의 성장, 테스트소켓 시장은 2027년까지 연평균 6%의 안정적 성장세를 보일 것으로 전망되고 있습니다.",EUV Lithography 시장은 2021년 46.49억 달러에서 2029년 229.8억 달러로 21.5%의 CAGR로 성장할 것으로 전망되고 있습니다.,"모든 공정에 적용할 수 있는 것이 아니라 하이테크 산업 및 고부가가치의 특정 세정 공정만에 선택적으로 적용되고 있다는 점, 낮은 기술수준의 세정 또는 기존 설치한 Wet 세정을 대체하기 위한 기회비용이 높다는 단점이 있습니다.",EUV Mask용 레이저 응용 장비: 반도체 분야에서 EUV 포토 공정의 적용이 확대되는 것은 피할 수 없는 추세입니다.,"건식세정장비는 기존 Wet 세정장비에 비하여 미세한 부분 클리닝이 가능하며, 모재에 손상이 가지 않게 세정할 수 있다는 장점이 있습니다.","현재 삼성전자, TSMC, Intel 등 3개 회사만 EUV 공정을 적용하고 있지만 가까운 미래에 Hynix, Micron, Global Foundry, Texas Instrument, UMC 등 반도체 업체들과 Mask를 전문 제작 공급하는 업체들이 EUV 장비도입을 확대할 것으로 예상되며, 이에 따라 동사의 EUV Mask용 레이저 응용 장비 또한 매출확대가 이루어 질 것으로 예상됩니다.","다만, 현재까지 대중에게 널리 알려져 있지 않으며, 모든 공정에 적용할 수 있는 것이 아니라 하이테크 산업 및 고부가가치의 특정 세정 공정만에 선택적으로 적용되고 있다는 점, 낮은 기술수준의 세정 또는 기존 설치한 Wet 세정을 대체하기 위한 기회비용이 높다는 단점이 있습니다.",영업상황,글로벌 경기침체 및 증시 변동에 따른 위험,기술력,전방산업의 성장 둔화로 인한 위험,성장성,건식세정 장비의 미래 사업성에 대한 위험,451220
밀리의서재,시장의 규모 및 산업의 성장잠재력동사는 전자 도서 및 IP 기반 콘텐츠를 월 정액 구독서비스 형태로 제공 중에 있습니다.,2019년 11월 중국 우한시에서 최초 발생한 COVID-19 바이러스의 감염 확산세가 전세계로 이어지면서 2020년 3월 11일 세계보건기구(WHO)는 '세계적 대유행(Pandemic)'을 선포했습니다.,따라서 동사의 주요 서비스에 기반한 1차 목표 시장은 전자책 및 전자책 구독서비스 시장으로 볼 수 있습니다.,"이에 따라 각종 변이 바이러스의 확산 가능성과 더불어 소비 및 금융 시장 심리 악화, 지정학적 리스크 고조, 보호무역주의 강화 등 부정적인 요인들이 장기화되어 소비 심리가 저하되는 경우 당사의 매출과 수익성에 부정적인 영향을 미칠 수 있습니다.","또한 동사는 전자책에만 한정하지 않고 종이책 월정액 구독서비스를 제공하고 있으며, 그 외에 '독서와 무제한 친해지리'는 슬로건 아래 책을 좀 더 쉽고 재미있게 읽을 수 있도록 도서를 기반으로 한 오디오북 및 오디오콘텐츠를 제공하고 있습니다.","또한, 실물경제 및 금융시장의 변동성이 커지는 상황 속에서 상장 이후 당사 주가 역시 급격한 변동성을 보일 가능성이 존재하므로 투자자께서는 이 점 유의하시어 투자에 임하시기 바랍니다.",기술의 완성도 동사는 전자책 정기 구독 서비스 사업을 영위하는 플랫폼 사업자로서 사업의 특성상 제조기업과 같은 별도의 연구개발 조직이나 인력이 갖추어져 있지 않습니다.,"당사는 전자책, 종이책 및 도서 관련 콘텐츠를 플랫폼을 통해 제공하는 사업을 영위하고 있음에 따라 당사의 사업은 국내 독서인구 및 독서율에 영향을 받고 있습니다.",그러나 사업을 영위함에 있어서 콘텐츠(보유 도서)의 수급만큼이나 중요한 경쟁우위 요소인 서비스 품질 및 편의성을 높이기 위해 관련 조직을 구성하고 서비스 기획 및 개발 역량을 내재화하는 노력을 기울이고 있습니다.,"Statista에 따르면, 세계 전자책 시장의 매출 규모 추이는 2021년 161.1억달러를 기록한 이후 2026년 186.9억달러에 이르러 연평균 3.0% 성장할 것으로 전망하고 있어 향후에도 전자책 시장의 성장세는 지속적으로 유지될 것으로 판단하고 있습니다.","동사는 기술혁신본부를 중심으로 스마트폰, 태블릿, PC, 전자책 독서 단말기, 스마트워치 등 다양한 기기 및 OS에서 서비스가 구현될 수 있도록 지원하고 있으며, 또한 독서의 편의성을 증대할 수 있는 고객 편의 기능 개발하여 제공하고 있습니다.","그럼에도 불구하고 전자책 시장의 성장세가 둔화되거나, 도서시장 규모의 위축이 가속화될 경우 당사의 성장성이 둔화될 수 있는 위험이 있으며, 국내 독서인구 추이가 감소한다는 점은 당사의 재무상태 및 경영성과에 부정적인 영향을 미칠 수 있으므로 투자자께서는 이 점 유의하시기 바랍니다.","기업 성장전략 동사는 2016년 설립 이후 약 15만 권의 독서 콘텐츠를 무제한 이용할 수 있는 국내 최대 독서 플랫폼을 운영하고 있으며, 국내 최초로 전자책 분야에서 구독 경제를 선보인 바 있습니다.",당사가 속한 도서시장은 정신적 재화의 소비라는 특성상 필수소비재 대비 경기의 움직임에 따라 민감하게 반응하는 산업적 특성을 가지고 있습니다.,"출간 플랫폼 사업 동사는 '22년부터 밀리 서비스 내에서 회원 누구나 자유롭게 글을 쓸 수 있는 공간을 제공하고 이를 통해 IP를 발굴, 종이책 출간까지 이어지도록 하는 출간 플랫폼 사업을 신규 사업으로 추진해왔습니다.","다만, 당사의 경우 경기변동보다는 콘텐츠의 유무, 퀄리티 수준 등 콘텐츠의 양과 질이 서비스 이용 여부를 결정하는 주요 요소인 바 경기둔화 시점에도 꾸준히 매출이 증가하였음을 확인할 수 있습니다.","출간 플랫폼 사업 추진 연혁 2022년 8월 출간 플랫폼 사업 추진 TF 발족 2023년 1월 출간 플랫폼 팀 신설 및 서비스 런칭 프로젝트 착수 2023년 5월 베타서비스 '밀리로드' 런칭 2023년 5월 출간 사업본부 신설 2023년 5월 11일 베타 서비스로 런칭된 창작 플랫폼 '밀리로드'는 누구나 자유롭게 글을 쓸 수 있는 공간이며, 밀리의 서재 회원은 ('좋아요'와 같은 방식의) '밀어주리'를 통해서 마음에 드는 작품을 추천, 응원할 수 있습니다.","그럼에도 불구하고 글로벌 인플레이션 우려에 따른 경기침체가 장기화될 경우 소비자 심리지수 회복이 지연되고 추세적 하락으로 이어질 수 있으며, 이에 따라 가계부문의 소비심리 위축이 도서에 대한 지출 감소로 이어져 당사의 재무상태 및 경영성과에 실질적이고 부정적인 영향을 미칠 수 있으므로 투자자께서는 이 점 유의하시기 바랍니다.",영업상황,가. 글로벌 거시경제 및 증시 변동 위험,기술력,나. 산업의 성장성 악화 위험,성장성,다. 경기 변동에 따른 수요 감소 위험,418470
두산로보틱스,동사는 2018년 양산 시작 이후 2022년까지 매출액 기준 연평균 46% 수준으로 성장하였습니다.,"러시아-우크라이나 전쟁으로 인한 지정학적 리스크, 가파른 금리 인상으로 인한 금융 불안정성 확대, 경기 침체 우려 등 국내외 경제에 큰 영향을 미칠 수 있는 불확실성 역시 상존하고 있습니다.","산업통상자원부에서 발표한 '지능형 로봇 개발 및 보급 촉진법'의 정의에 따르면 로봇은 외부환경을 스스로 인식하고, 상황을 판단하여 자율적으로 동작하는 기계장치를 의미합니다.","다만 중국의 부동산위험에 따른 경기회복 부진, 국가부채 증가, 중앙은행의 긴축에 따른 은행위험 재발 가능성 등에 따른 경기하방 가능성을 지적했습니다.","이와 같은 로봇은 인간의 능력을 보완하고 인간의 노동력을 대체하는 기술적 도구로서 사용되며, 제조, 의료, 교통, 농업, 건설 등 다양한 산업 분야에서 활용되고 있습니다.","이처럼 코로나19 이후 각국 정부 및 중앙은행의 적극적인 정책대응으로 예상보다 빠른 경기를 회복하며, 펜트업 모멘텀 현상으로 인한 민간소비 증대 현상이 발생했음에도 불구하고 러시아-우크라이나 전쟁으로 인한 지정학적 리스크, 가파른 금리 인상으로 인한 금융 불안정성 확대, 경기 침체 우려 등 국내외 경제에 큰 영향을 미칠 수 있는 불확실성 역시 상존하고 있습니다.","동사가 영위하고 있는 글로벌 협동로봇 시장 규모는 '22년 기준 약 1.2조원이며, 이는 '30년에 12조원 규모에 도달할 것으로 예상하고 있습니다.",전통 산업용 로봇은 지속되는 단가 하락과 포화 단계에 접어들며 다소 주춤한 연평균 12%의 성장을 보일 것으로 예상됩니다.,"첫째, 인구 통계학적 고령화는 의료용 로봇과 개인 서비스 로봇의 수요 증가로 반영되고, 저임금 노동 인구의 부족과 인건비 상승은 산업용 로봇 시장의 핵심 동인에 해당합니다.","협동로봇 산업 성장 지연에 따른 위험최근 노동력 부족 및 인건비 상승으로 로봇 도입을 통한 자동화 및 효율화에 대한 관심이 더욱 커지고 있으며, 다양한 로봇의 활용법이 탄생하고 있습니다.","인구 고령화 추세와 함께 제약, 생명공학, 헬스케어 등 의료 산업에서 로봇 수요는 증가하고 있습니다.",특히 협동로봇 시장은 성장 국면을 맞아서 제조 및 서비스 산업에서 수요가 증가하고 있습니다.,"2021년 동사는 누적판매량 2,000대를 달성함과 동시에 국내 시장 판매 1위는 물론, 유럽, 미국, 아시아 등 해외 시장에서 좋은 평가를 받아 글로벌 Top 4 진입에 성공하였으며 본격적인 글로벌 시장 확대에 박차를 가하고 있습니다.","다른 독립적인 회사들로 구성된 유통업체들은 항상 당사의 이익과 일치하는 결정을 내린다고 보장할 수 없으며, 당사가 유통업체들의 활동을 관리하거나 영향을 미치는 능력은 제한적입니다.",이와 같이 엔드유저마다 요구하는 협동로봇을 합리적이고 경쟁력 있는 가격으로 제공하기 위해서는 다양한 제품라인업의 보유 또한 중요합니다.,"만약 당사가 유통업체들과의 관계를 유지하지 못하거나, 해당 업체들이 당사의 제품을 효과적으로 유통하고 지원하지 못하거나, 무단 활동을 한다면, 당사의 사업, 재무 상태 및 영업 실적에 부정적 영향을 미칠 수 있습니다.","한 브랜드의 제품이 얼마나 폭넓은 가반하중을 커버하고 있는지, 그리고 얼마나 다양한 제품 라인업들을 통해 엔드유저에게 세분화된 가격 선택의 폭을 제공하는지는 고객들이 협동로봇 제조사를 선택하게 만드는 핵심 요인이기 때문입니다.","당사는 기존 유통업체와의 계약을 해지하고, 새로운 유통업체를 추가하거나 기존 유통업체를 대체하는 등 유통 네트워크를 조정할 수 있으며, 이러한 대체를 통해 이전 유통업체와의 판매가 중지되고 새로운 유통업체가 최종 사용자들에게 제품을 마케팅 및 판매하는 과정에서 해당 국가 또는 지역의 당사 판매 성과가 기대에 미치지 못할 가능성이 상존합니다.",사업의 수익성,글로벌ㆍ국내 경기 및 COVID-19 확산에 따른 영향 관련 위험,사업의 성장성,산업 내 경쟁 심화 위험,회사의 경쟁력,판매채널 관련 위험,454910
레뷰코퍼레이션,"시장의 규모 및 산업의 성장잠재력 동사는 유형별 광고 시장 중 가장 높은 성장세를 시현하고 있는 SNS 광고 시장의 주요 콘텐츠 공급자인 인플루언서를 활용한 마케팅 사업을 주사업으로 영위하고 있으며, 인플루언서 관련 산업 전반에 대한 높은 기술력 및 영업력을 바탕으로 인플루언서를 활용한 광고, 라이브커머스 등을 아우르는 인플루언서 플랫폼을 보유한 회사입니다.",당사의 사업이 속한 인플루언서 산업은 경기변동에 따라 수요와 공급이 결정되기 때문에 경기변동에 밀접한 영향을 받습니다.,인플루언서 마케팅 예산 할당 비중] (단위 : %) 인플루언서 마케팅 예산 할당 비중.jpg 인플루언서 마케팅 예산 할당 비중 (출처: Influencer Marketing Hub (2023)) 글로벌 인플루언서 광고시장 규모는 2023년까지 211억 달러 규모로 성장할 것으로 예상되고 있습니다.,"따라서, 인플루언서 관련 산업의 영업실적은 경기 변동, 시장 상황 등 거시적 경제 요인에 영향을 받기에 향후 경제 전망, 국내외 정세, 각 국 정부의 경제정책 등을 주시할 필요가 있습니다.","글로벌 인플루언서 광고 시장은 SNS의 본격적 개화기인 2010년대 중반부터 38.4%에 달하는 연평균 성장률을 보이며 급성장세를 시현하고 있으며, 이는 동기간 글로벌 디지털 광고의 연평균 성장률 15.7%를 현저히 상회하는 수치입니다.","국내외 경기가 악화되거나 반등하지 못할 경우 소비 심리 위축으로 이어질 가능성이 있으며, 이는 당사의 전방산업의 영업 환경 및 수익성에 부정적인 영향을 미쳐 당사의 실적에도 영향을 미칠 수 있습니다.","동사의 인플루언서 플랫폼은 이미 인플루언서 관련 빅데이터 구축의 선순환 구조를 확보하고 있기에, 인플루언서 관련 데이터를 활용하여 다양한 사업에 적용 가능한 특징을 가지고 있습니다.",당사는 브랜드 및 제품 등의 광고를 원하는 광고주와 해당 광고에 적합한 인플루언서를 연결하는 플랫폼 서비스를 영위하고 있습니다.,"동사의 인플루언서 플랫폼 핵심 기술은 이미 로컬, CMD, 에이전시 등 다양한 비즈니스 모델로 구체화되고 있으며, 추후 커머스 등으로 사업 외연을 확장해나갈 계획입니다.","또한 세계 경기 회복세 둔화, 기준금리 인상, 자산매입 축소 등을 통한 유동성 감소 및 대체재의 출현 등으로 인하여 광고시장 및 인플루언서 관련 시장의 성장률이 예상보다 둔화될 수 있으며, 이는 당사 실적에 부정적인 영향을 미칠 수 있습니다.","또한 동사가 영위하는 인플루언서 광고 대행 산업 특성 상 매출처가 세분화되어 분포되어 있으며, 향후 인플루언서 관련 산업에 대한 수요가 높아질수록 동사 기술은 보다 다양한 사업 및 매출처로 적용처가 확대될 것으로 전망됩니다.","또한 인플루언서 관련 시장 역시 경기 변동에 영향을 받을 수 있는 바, 경기 침체 지속 시 당사 영업에 부정적인 영향이 있을 수 있음을 투자자께서는 유의하시기 바랍니다.",기업 성장전략 과거 동사는 2014년 11월 설립 이후 인플루언서 산업의 선구자로서 지속적인 오프라인 영업을 통해 지역 소상공인 네트워크를 구축하는 한편 2015년 2월 기업부설연구소를 설립하며 영업 능력과 기술개발 능력을 향상시켜오고 있습니다.,"당사가 주력사업으로 영위중인 인플루언서 광고는 주로 모바일 광고에 적합한 형태로 이루어지고 있어, 광고 시장의 변화에 원활하게 적응했습니다.","동사가 확보한 영업력과 기술력은 현재 동사의 제품 개발 및 시장 선도적 지위 유지의 근간이 되었으며, 글로벌 경쟁력을 갖춘 인플루언서 플랫폼 제공업체로서의 시장 지위를 공고하게 해주고 있습니다.","광고매체로서의 온라인은 쌍방향 커뮤니케이션이 가능하고, 무한한 정보 제공이 가능하며, 광고 노출 및 매출 효과 측정이 용이하다는 장점을 가지고 있기에 장기적으로 신문, 잡지 등 기존 매체를 상당 부분 대체해 나갈 것으로 예상합니다.","DBJ 지분 25% 인수 9 ㈜레뷰코퍼레이션, ㈜러핑코퍼레이션 100% 자회사로 편입 (30% 지분 추가 인수) 12 ㈜레뷰코퍼레이션, ㈜러핑코퍼레이션 흡수합병 2023 1 울산 지사 설립, 경기동부 지사 설립 2 특허 등록 (인공지능을 이용한 광고주와 인플루언서 중개 서비스 제공 장치 이를 이용한중개 방법) 6 REVU Search 오픈 현재 동사는 인플루언서 생태계를 구축하는 인플루언서 산업의 선도주자로 거듭나기 위해 다양한 산업군에 적용할 수 있는 인플루언서 매칭 기술을 지속적으로 연구개발하고 있습니다.","다만 당사가 모바일 시장의 변화에 원활하게 적응했음에도 향후 시장의 변화가 당사의 예상과는 다른 방향으로 진행되어, 당사가 기존에 확보한 경쟁력을 활용할 수 없는 상황이 발생하거나, 또는 광고시장이 향후 완전히 다른 경쟁 형태의 시장으로 새롭게 재편될 경우, 당사의 영업에 부정적인 영향을 미칠 수 있습니다.",영업상황,경기 변동에 따른 위험,기술력,시장 성장 둔화에 따른 위험,성장성,온라인 광고를 대체하는 신규 미디어의 발전에 따른 위험,443250
파두,"시장의 특성 NAND 저장장치 시장 NAND는 원래 낮은 성능으로 인해 USB, SD카드 등 초소형/휴대용 저장장치를 중심으로 제한적으로 사용되던 메모리 반도체였습니다.","국제통화기금(IMF)은 2023년 4월에 발표한 '세계경제전망(World Economic Oulook)'을 통해 2023년 세계경제 성장률을 2.8%로 전망하였으며, 이는 지난 1월 전망치(2.9%)에 비해 0.1%p 하향조정된 수치입니다.","메모리 반도체 시장 내 세부시장 구성 및 규모] 메모리 반도체 시장 내 세부시장 구성 및 규모.jpg 메모리 반도체 시장 내 세부시장 구성 및 규모 출처: Yole Development 기업용 SSD 시장 참여자 기업용 SSD의 전방 수요시장 최종고객은, 클라우드 서비스를 제공하는 1) 초대형 데이터센터, 2) 데이터센터 및 자체 서버를 보유하고 운영하는 일반 기업으로 구분되며, 이들은 검증된 성능 및 품질과 높은 신뢰성이 보장된 제품을 공급받고자 합니다.","또한, 한국은행이 2023년 5월에 발표한 '경제전망보고서'에 따르면 주요국 금리인상과 중국 코로나 확산 등을 반영하여 향후 세계경제 성장률은 2022년 3.4%, 2023년 2.5%로 둔화될 것으로 전망하고 있습니다.","기업용 SSD를 공급하는 공급자는 (a) 독립 컨트롤러 업체, (b) NAND메모리업체인 종합반도체기업(IDM, Integrated Device Manufacturer), (c) 독립 SSD 업체, (d) 서버업체/시스템공급사로 구성되며, 각 주체 별 보유한 기술적 역량 및 자산을 활용하여 기업용 SSD에 요구되는 SSD 컨트롤러 및 SSD 모듈 완제품을 궁극적으로 최종고객에게 제공하고 있습니다.","다만, 이는 중국 리오프닝, 미국ㆍ유럽의 경기연착륙 기대 등으로 하반기 경기 개선를 전망하여 한국은행의 2022년 11월 발표수치 대비 0.2%p 및 0.1%p 상향된 수치입니다.","동사의 SSD 컨트롤러 제품 목표시장에서의 경쟁대상은 ① 동사와 같은 마벨(Marvell), 마이크로칩(Microchip) 등 기업용 SSD 컨트롤러를 설계 및 개발을 전문으로 개발하는 독립 컨트롤러 업체와 ② NAND메모리 + 자체 개발 컨트롤러(또는 독립 컨트롤러 업체의 SSD 컨트롤러를 적용)를 바탕으로 기업용 SSD 모듈 제품을 생산/판매하는 삼성전자, SK하이닉스, 키옥시아, 마이크론, 웨스턴디지털, 솔리다임 등 NAND메모리 업체입니다.",당사는 팹리스로서 모든 반도체 제품의 생산을 TSMC라는 대만의 업체에 위탁하고 있습니다.,"이 중 동사의 실질적인 핵심 경쟁사는 삼성전자와 솔리다임 (과거 인텔에서 분리되어 SK하이닉스에 인수)이며, 특히 삼성전자는 자사의 NAND 메모리 경쟁력과 대규모 생산 역량을 바탕으로 글로벌 기업용 SSD 컨트롤러 시장의 약 50%을 점유하고 있습니다.","하지만, 데이터센터가 빠르게 성장함에 따라 기업용 SSD의 매력도가 높아지고 있고, 따라서 기존의 업체도 더 적극적으로 기술 및 제품 개발에 투자하게 될 개연성이 높고, 또 추가적으로 새로운 신규기업들이 새로운 아이디어를 기반으로 시장에 적극적으로 진입할 가능성이 있습니다.","SSD 컨트롤러 개발/공급 업체 중 NAND메모리업체는 자사의 SSD 컨트롤러를 전량 자체 수요 목적으로 활용하고 있으며, 독립 컨트롤러 업체는 아래의 고객에게 SSD 컨트롤러 제품을 판매하고 있습니다.","따라서, 경쟁업체 수가 늘어나고, 당사의 기술적인 우위가 줄어들게 될 가능성이 있고, 이에 따라 당사의 시장점유율이 감소하고, 경쟁과열로 인하여 가격경쟁이 이루어질 수 있습니다.","기업 성장전략 기업용 SSD 컨트롤러 시장 내에서 동사 제품의 우수성에 대해 고객 인식이 확산되고 있으며, 제품경쟁력 뿐 아니라 업계 전문성과 경험을 보유한 인적 역량을 바탕으로 영업 및 마케팅을 전개, 사업적 성과를 만들어내고 있습니다.",SSD는 NAND반도체를 저장매체로 사용하는 보조기억장치입니다.,"직접 진입이 이루어지지 않더라도 이들이 NAND메모리 업체에 추천해주는 것이 중요 가장 적극적인 영업활동을 벌이고 있는 고객들로서 가장 높은 기준을 적용하는 우주용 제품에 선정되었고, 글로벌 빅테크 기업들도 동사 우수성을 인정하고 NAND메모리업체들에 사용을 권장하고 있는 상황 출처: 동사 내부 자료 2018년 첫 제품을 개발한 이후부터 주로 최종고객인 대형 데이터센터 업체를 중심으로 지속적인 영업/마케팅 활동을 전개한 결과, 현재 시장의 선도업체들은 동사의 제품 우수성에 대해서 충분히 인식이 이루어진 상황입니다.","당사의 제품인 SSD 컨트롤러가 적용되는 SSD 모듈은 데이터가 기록, 저장되는 NAND 메모리의 쓰기/지우기 횟수 제한으로 인해 최종 사용자인 데이터센터 고객이 NAND 플래시 메모리 상에 데이터를 기록하고 지우는 작업을 반복함에 따라 수명저하가 발생합니다.",특히 삼성전자를 제외한 대부분의 NAND메모리업체 및 독립 컨트롤러 업체들의 경쟁제품들이 이러한 선도업체들의 요구조건을 충족시키지 못하고 있는 상황에서 이들이 적극적으로 동사의 영업활동에 지원을 해주고 있는 상황입니다.,"즉, 당사 제품인 SSD 컨트롤러의 자체의 수명보다는, SSD 컨트롤러가 데이터를 기록, 저장하는 매개체에 해당하는 NAND 플래시 메모리의 고유 수명 특성으로 인해 데이터센터 고객은 데이터의 쓰기/지우기 빈도 및 워크로드 강도에 따라 3~5년을 주기로 교체하게 됩니다.",시장의 특성 및 성장 잠재력,글로벌 경기침체 및 증시 변동에 따른 위험,시장 경쟁 상황,미중 분쟁 등 지정학적인 리스크에 따른 위험,성장성,NAND 메모리 수명에 따른 수요 변동 위험,440110
시큐레터,"산업의 특성 동사는 보안 솔루션 개발 전문 기업으로, 이메일 등을 통해 유입되는 모든 콘텐츠 특히 비실행(Non-PE: PDF파일, 워드 파일, 엑셀파일, 한글 파일 등 자체 실행이 되지 않는 파일)파일을 통해서 유입되는 보안 위협을 탐지, 분석, 진단, 차단하는 솔루션을공급하고 있습니다.","현재 세계 경제는 높은 수준의 인플레이션, 각국의 급격한 금리 인상, 러시아-우크라이나 전쟁, 코로나-19 등의 경기 하방요인에 직면하고 있습니다.","산업의 규모 및 성장성 산업의 연혁 '정보보호산업의 진흥에 관한 법률'에서 정의하는 '정보보호'는 '정보의 수집, 가공, 저장, 검색, 송신, 수신 중에 발생할 수 있는 정보의 훼손, 변존, 유출 등을 방지 및 복구하는 것'과 '암호.인증.인식.감시' 등의 보안 기술을 활용하여 재난.재해.범죄 등에 대응하거나 관련 장비와 시설을 안전하게 운영하는 것을 위한 관리적.기술적.물리적 수단을 마련하는 것을 의미합니다.",코로나-19에 따른 경기 둔화를 방지하기 위해 각국은매우 낮은 수준으로 기준금리를 인하하였고 이는 현재의 고물가 상황을 야기했습니다.,"산업의 규모 한국정보보호산업협회(KISIA)에서 2021년 12월 발간한 '2021 국내 정보보호산업 실태조사' 보고서에 따르면, 정보보호 산업을 정보보안과 물리보안으로 구분하고 정보보호 업계의 매출을 기준으로 국내 시장규모를 제시했습니다.","고물가의 경제 상황을 완화하기 위해 세계의 주요 국가는 급격한 기준금리 인상을 시행하였고 인플레이션 추세가 다소 완화되긴 하였으나, 금리 인상 및 긴축 기조는 지속되고 있습니다.","기술의 완성도 기술 개요 동사의 주력 기술인 'MARS 플랫폼'은, 고객의 시스템과 자산을 보안 위협으로부터 안전하게 보호하기 위해 사용되는 종래의 시그니처 기반 솔루션과 행위 기반 APT 보안 솔루션의 단점을 극복하는 차세대 보안위협 탐지 및 차단 플랫폼입니다.","정보보호산업에서 당사가 주력으로 영위하고 있는 정보보안 사업은 전방산업인 IT 산업, 특히 인터넷 및 소프트웨어 산업과 매우 밀접한 연관이 있으며, IT산업의 성장은 경기의 변동에 큰 영향을 받고 있습니다.","이 플랫폼은 동사가 보유한 독자적인 리버스 엔지니어링(역공학) 기술로 구현되었으며, 콘텐츠를 매개로 하는 보안 위협들, 즉 PDF파일, 워드 파일, 엑셀파일, 한글 파일 등의 비실행 파일(자체적으로 실행되지 않는 파일)을 통해 유입되는 보안 위협을 진단하고차단합니다.","디지털 대전환 시대에 있어 클라우드 생태계 확산 및인공지능 시대를 맞이하여 정보보호 산업은 더욱 견고한 성장을 보이고 있으나, 세계적인 경기 악화에 따라 경기 침체가 발생하는경우 주요 기업 및 기관들은 비용 축소를 위해 IT 투자를 우선 축소할 것을 고려하거나, 집행시기를 연기하는 등 보수적 예산관리 경향을 유지하므로 경기와 기업의 IT투자 지출은 상호 연동되는 특성을 보입니다.","MARS 플랫폼에는, 동사만의 축적된 기술력, 즉 취약점과 익스플로잇 공격을 진단하는 경험 및 노하우, 메모리 정보와 CPU 레벨 정보를 기반으로 한 동사만의 디버깅 브레이크 포인트 정보, 이 정보를 바탕으로 응용 프로그램의 프로세스를 디버깅하여 제어권을 획득한 상태에서 CPU와 메모리의 실행 특징을 진단하는 기술이 탑재되어 있습니다.","최근 비대면 업무 확대, IT 인프라 다변화 및 클라우드 이전 등 잠재적 공격표현이 급속히 증가하여, 이에 따른 사이버환경에 대한 위험성이 고조되고 있고, 각국은 사이버공간의 중요성을 인식하여 주요 정부 공공기관 및 기업들의 IT투자와 정보보호투자가 지속적으로 증가하고 있으며, 새로운 업무환경 관련 정보보안 이슈, 정책 및 규제 변화에 따라 사이버 버안 위협관리의 중요성은 더욱 확대되고 있어 보안 수요의 증가가 기대되고 있습니다.","기업의 성장전략 동사의 솔루션을 통해 진출 가능한 시장은 지능형 위협 보안 시장 (APT; Advanced Persistent Threat)과 망간 자료전송 보안, 웹서비스 보안, ECM보안 시장입니다.","동사는 지능형 위협 보안 사업을 주력사업으로 위협 정보를 수집하고 분석하는 기술을 연구개발하고 있으며, 사업의 특성상 특허 등 지식재산권의 중요성이 타 산업에 비해 높은 편입니다.","지능형 위협 보안 시장은 국내외 기 형성된 APT(Advanced Persistent Threat) 보안 시장을 의미하며, 망간 자료전송 보안, 웹서비스 보안, ECM 보안 시장은 시큐레터만의핵심기술 역량인, 알려지지 않은(Un-known) 위협에 대한 정확한 탐지력과 압도적으로 빠른 진단 속도인 동사의 자체적인 기술 노하우로 개척할 수 있는 새로운 시장입니다.","동사 제품의 핵심기술 모방을 방지하기 위해 특허 등록 등 지적재산권의 확보가 중요하며, 동사는 현재 영위하는 사업과 관련하여 총 44건(특허 등록 25건, 국내 특허 출원 5건, 해외 특허 출원11, 저작권3건) 지적재산권을 보유하여 견고한 기술적 장벽을 형성하고 있어 이러한 지적재산권 확보는 대외적인 신뢰도를 높이고, 후발 경쟁업체에 대한 진입장벽으로 작용할 수 있습니다.",또한 클라우드 보안 시장은 동사의 SECaaS(Security as a Service: 서비스로서의 보안)형 서비스 제품이 출시되는 2023년부터 본격적으로 진출할 시장입니다.,"그럼에도 불구하고, 동사가 보유한 지식재산권을 적절히 보호하지 못하거나, 동사가 사용하는 기술과 관련한 지식재산권 관련 분쟁이 발생하는 경우 동사의 경쟁력은 약화될 수 있으며 이는 동사의 영업활동에 부정적인 영향을 미칠 수 있습니다.",산업의 개요 및 성장 잠재력,국내외 거시경기 침체 및 불확실성 관련 위험,기술력,경기침체로 인한 IT투자 축소 위험,성장성,지적재산권 관련 위험,418250
큐리옥스바이오시스템즈,"시장의 규모 및 산업의 성장잠재력 최근 세포 치료제가 바이오 시장의 핵심분야로 각광받음에 따라 어떤 세포를 얼마나 주입하는지 등 정량적인 세포 분석의 필요성이 증가하고, 세포 전처리 과정에서 발생하는 세포의 손실·변형을 최소화하고, 연구 재현성을 획기적으로 향상시키기 위한 연구가 진행되고 있습니다.","2023년 1월 국제통화기금(IMF)은 '세계 경제전망(World Economic Outlook)' 보고서에서 2023년 전세계 GDP 성장률 전망치를 기존 2022년 10월에 제시했던 2.7%에서 2.9% 수준으로 소폭 상향 조정하였지만, 러-우크라이나 전쟁 지속에 따른 높은 인플레이션 지속, 전세계적으로 높은 부채수준 등 경기 둔화 요인이 계속해서 존재하고 있다고 발표했습니다.","동사의 Laminar Wash 장비가 타겟으로 하는 전체시장의 규모를 확인하는 방법으로 1) 고객사의 실험 방법(유세포 분석, 라이브 셀 이미징 등의 분석방법)이나 2) 고객사의 응용 분야(세포 및 유전자 치료제, 면역종약학 등의 application)를 기준으로 계산할 수 있습니다.","최근 주요 국가의 기준금리 인상이 장기화되고, 러시아-우크라이나 전쟁으로 인한 지정학적 불안요소가 빠른 시일내에 해소되지 않을 시, 실질구매력 저하로 인한 소비심리 위축, 생산비용 증가 등으로 인해 글로벌 경기는 둔화 또는 침체될 수 있습니다.","고객사의 실험 방법에 따른 Laminar Wash 대상 시장 총 분석 기기 수량 규모는 2022년 기준 약 121,900대에서 2026년까지 약 142,000대로 늘어날 것으로 추산됩니다.","당사가 주력으로 영위하는 세포전처리 자동화 사업은 전방산업인 세포·유전자 치료제 시장과 밀접한 연관이 있으며, 고객사들의 제약·바이오 관련 예산이 축소될 경우 당사의 성장성과 수익성에 부정적인 영향이 미칠 수 있습니다.",기술의 완성도 동사의 Laminar Wash기술은 수작업으로 이루어지고 있는 전처리 과정을 완전 자동화 할 수 있는 기술로 전처리에 소모되는 비용과 시간 그리고 데이터의 정확성과 재현성을 획기적으로 향상시켰습니다.,"당사가 영위하는 세포전처리 자동화사업은 현재 바이오 연구와 신약개발, 진단 등 바이오 전 영역에서의 필수 요소로서, 세포분석의 중요성과 세포 및 유전자 치료제 시장 등의 전방시장의 성장과 함께 지속적인 성장이 예상됩니다.","동사의 제품은 원심분리 기반 수작업과의 외부 및 내부 비교 평가 시험을 통해 기술의 우수성과 진보성을 인정받았으며, 미국 유럽 그리고 중국 등에 위치한 다수의 글로벌 제약사 및 바이오텍의 세포연구 및 분석 전처리 과정에서 사용되고 있습니다.","다만, 당사가 목표로하는 전방시장의 성장 및 시장 내 니즈에도 불구하고 바이오의약품을 포함한 관련 산업의 환경이 악화되거나, 기술 개발의 지연, 관련 제품의 상용화가 어려워질 경우, 혹은 경기 불황 등의 이유로 시장 형성이 지연되는 등 다양한 변수로 인해 예상과 달리 저조한 성장세를 나타내거나 위축된다면 당사의 사업에 부정적인 영향을 미칠 수 있습니다.","또한, 현재 동사 제품을 제외한 다른 비원심분리 기반의 세포전처리 자동화 기기도 없는 실정으로 향후 다양한 세포 분석 세부 시장 진입과 해당 각 세부 시장에서의 점진적인 점유율 확장이 가능할 것으로 기대됩니다.","지적재산권 소유권 변동 관련 위험 당사는 세포 전처리 자동화기기 등의 제조 및 판매를 주력사업으로 기존 기기의 성능 향상 및 신제품 개발을 진행 중에 있으며, 사업의 특성상 특허 등 지식재산권의 중요성이 타 산업에 비해 높은 편입니다.","기업 성장전략 동사는 최초 싱가포르 과학기술청 (A*STAR) 내 IBN(Institute of Bio-engineering & Nanotechnology) 소속이었던 김남용 대표이사가 2008년 4월 분사하여 설립(Curiox Biosystems Pte. Ltd, 현재 싱가포르 자회사)되었으며, 설립과 동시에 싱가포르 국립 기술 투자기관인 Exploit Technology 및 독일 벤처 투자기관 Nano Star의 총 17억원 수준의 투자를 받아 표면 화학 및 생명과학 기기분야 기술 개발을 본격적으로 시작했습니다.","현재 당사를 제외한 비원심분리 기반 세척 기술을 보유한 경쟁 업체 및 경쟁 제품은 전무한 상황이며, 최근 세포 분석 기기 개발 업체에서 시약 분사 및 흡입 자동화 시스템에 원심 분리 기술을 접목한 제품을 출시했습니다.","동사의 원천기술인 Laminar Wash는 김남용 대표이사 싱가포르 A*STAR (Agency for Science, Technology and Research, 싱가포르 과학기술청)에서 재직 당시 개발한 1세대 DropArray™ 기술을 표면과학 및 미세 유체공학 차원에서 업그레이드 및 활용하여 `17년 12월 최종 정립되었으며, 이를 통해 세포의 전처리 과정을 자동화하고 기존 수작업에 의존했던 세포염색 및 세척 과정의 정확도 및 재현성을 크게 개선했습니다.","전혈 시장 또한 원심 분리 기반 세포 전처리 프로토콜이 오랜 기간 표준절차로 사용된 분야로서 자동화에 대한 시장 내 미충족 수요는 높으며, 시장 내 원심분리기 외에 전혈 세포 전처리 자동화 기기는 당사 자체 조사결과 없는 것으로 파악되고 있습니다.","동사는 본격적인 Laminar Wash기술의 사업화와 표준 제조시설 구축을 위해 2018년 9월 국내에 큐리옥스바이오시스템즈㈜를 설립하여 회사의 전반적인 경영과 연구개발, 생산을 총괄하고 있으며, 주요 종속회사(미국, 중국, 싱가포르)를 통해 판매와 마케팅 법인을 구축하여 동사의 핵심인 국내 본사를 기반으로 주력 시장인 미국 등 해외 판매법인을 통해 회사의 성장을 가속화하고 있습니다.","그러나 기존 원심분리기 기반 경쟁사의 주요 제품이 시장 내 존재하고 있으며, 경쟁업체의 경우 당사와 비교시 매출 규모 및 재무 상황에 있어 높은 우위를 보유하고 있습니다.",영업상황,글로벌 경기침체 및 증시 변동에 따른 위험,기술력,전방시장 침체 위험,성장성,경쟁 심화 관련 위험,445680
코츠테크놀로지,"시장의 규모 및 산업의 성장 잠재력 방위산업 시장 최근 국제 정세 변화는 미국-중국의 신냉전체제의 대두, 우크라이나-러시아 전쟁 발발 등으로 인해 안보적 긴장감이 넘치는 상황입니다.",국제통화기금 IMF가 발표한 2023년 4월 World Economic Outlook(WEO)에 따르면 2022년 글로벌경제 성장률은 3.4%로 나타났습니다.,우크라이나-러시아 전쟁 지역과 인근 지역에 위치한 폴란드 또한 9.7%의 방위비 증가율을 보여주며 자국 안보 이슈에 대한 대비를 하고 있는 것을 알 수 있습니다.,"국제적인 경기회복은 2021년 5.9%로 회복세를 보였으나, 러시아-우크라이나 전쟁, 각국의 긴축적인 통화정책 및 재정정책, 중국 부동산 시장 리스크 및 소비감소 등 경기 둔화 요인으로 인해 2022년 3.4%로 2021년 대비 주춤하였으며, IMF가 발표한 WEO에 따르면 2023년 글로벌 경제 성장률은 2.8% 수준으로 나타날 것으로 예상됩니다.","2022년 방위비 증가율 상위국가】 2022년 방위비 증가율 상위국가.jpg 2022년 방위비 증가율 상위국가 주) 방위비 지출 30개 국가 중 증가율 상위 국가 출처: SIPRI, 한화투자증권 국내 또한 동북아 정세, 한반도 안보 이슈 등으로 인하여 국방력 강화 정책 기조를 통해 지속적인 방위산업의 성장이 예상됩니다.",2019년 12월 발생한 COVID-19 바이러스의 감염 확산세가 전세계로 이어지면서 2020년 3월 11일 세계보건기구(WHO)는 '세계적 대유행(Pandemic)'을 선포했습니다.,"기술의 완성도동사의 핵심 제품인 싱글보드컴퓨터(SBC)는 크게 표준형(Standard), 맞춤형(Customization) 및 서비스형(Service)으로 구분할 수 있습니다.","당사는 방위산업 내 무기체계에 소요되는 싱글보드컴퓨터(SBC, Single Board Computer), 군용전시기 및 무기체계탑재용 컴퓨터장치 등을 개발 및 생산하여 고객사에 납품하는 사업구조를 주요 사업으로 영위하고 있습니다.","미래에는, 군용 전시기와 무기체계탑재용 컴퓨터장치를 통합한 Hub형 통합컴퓨터장치가 주류가 될 것으로 예측하고 지속적으로 연구개발할 계획입니다.","안보환경의 변화, 방산업의 수요 감소로 인해 당사의 고객사로부터의 수주 등이 감소하게 될 경우 당사의 실적에 부정적인 영향이 미칠 수 있으니 투자자께서는 이 점 유의하시어 투자에 임하시기 바랍니다.",군용 전시기] [컴퓨터장치] [Hub형 통합컴퓨터장치(개념도)] 군용 전시기.jpg 군용 전시기 컴퓨터장치.jpg 컴퓨터장치 캡처1.jpg Hub형 통합컴퓨터장치 무기체계 시스템는 컴퓨터장치를 포함한 콘솔형 시스템입니다.,"국방예산 축소에 따른 위험 방위산업의 경우, 국방력 강화를 위해 정부의 총괄적인 주도 하에 국내 무기체계 개발 및 생산을 촉진하기 위해 국내 기술수준을 고려하여 단계별로 연구개발을 추진하고 있으며, 이 점을 미루어 보아, 당사의 수주 및 사업실적은 정부, 국방과학연구소 또는 무기체계 개발업체의 제품 개발 또는 양산에 대한 수요, 수주와 한국 정부를 비롯한 각 국가별 국방비 지출, 국방예산 등으로부터 영향을 받고 있습니다.","기업의 성장 전략 동사는 육해공의 다양한 무기체계사업에 참여하고 있으며, 대표적인 국내 및 수출 신규사업을 기술했습니다.","국방부의 「2023~2027 국방중기계획」을 살펴보면 2023년~2027년 중기 기간 총 재원규모는 331.4조원으로 이중 방위력개선비 107.4조원, 전력운영비 224.0조원 규모로 계획됐습니다.",전자연동장치 유럽을 포함한 세계 각국은 표준 열차제어시스템으로 유럽열차제어시스템(ETCS: European Train Control System)을 적용하고 있습니다.,"특히, 방위력개선비가 국방예산에서 차지하는 비중은 2022년 31%에서 2027년 36%까지 지속적으로 확대할 예정이며, 지속적인 방어체계 및 첨단 무기체계 확보 등을 통해 국방력 강화를 이루고자 하고 있습니다.","특히, 무선통신 기반 ETCS Level 2는 확대 설치되는 추세이고, 국내 또한 ETCS Level 2를 적용한 한국형 무선통신기반 열차제어시스템(KRTCS: Korean Radio-based Train Control System)-II 를 진행 중에 있습니다.","이처럼 국방력 제고에 대한 국방 정책 기조를 바탕으로 방위산업에 대한 필요성 및 수요도 중장기적으로 증가될 가능성이 존재하지만, 대내외 정치 및 안보환경에 민감한 국방정책의 특성상, 향후 추진과정에 있어 기존의 투자계획 및 방향이 변동될 가능성도 존재합니다.",영업상황,글로벌 경기침체 및 증시 변동에 따른 위험,기술성,글로벌 안보환경 변화에 따른 위험,성장성,국방정책 및 계획의 변경에 따른 위험,448710
엠아이큐브솔루션,"시장의 규모 및 성장 잠재력 가) 국내 시장 규모 및 전망 전세계적으로 제조업 혁신을 위한 디지털 전환 양상이 급격하게 심화되고 있는 상황에서, GDP 대비 제조업 비중이 30%를 상회하는 국내 경제의 경우 스마트팩토리 보급이 차지하는 중요도는 상당하다고 볼 수 있습니다.",한국은행에서는 2023년 05월 발표한 경제전망보고서를 통해 2023년 국내 경제성장률이 2022년 2.6% 대비 낮은 1.4%의 성장률을 보일 것으로 예측했습니다.,"제조업 르네상스 추진 전략 주요 내용에는 스마트화를 통한 산업 구조 혁신 가속화가 포함되어 있으며, 제조업 혁신 3.0 전략 후속으로 스마트 공장의 보급 및 확산과 이를 위한 스마트 제조 기술을 개발하고 지역 거점 산업 단지의 스마트화를 추진할 것으로 발표했습니다.","지난해 발발한 러시아-우크라이나 전쟁이 여전히 지속되고 있으며, 경제분절화 심화, 인플레이션 등 불안요인이 세계경제성장률 전망치 하락의 주요 원인으로 작용했습니다.","정부는 제조업 르네상스 전략의 일환으로 제조업의 패러다임 변화에 빠르게 대응하고 있으며, 국내 제조업의 경쟁력을 강화하기 위해 중소, 중견기업을 대상으로 스마트팩토리 보급 및 확장 사업을 진행하고 있습니다.","한편, 실리콘밸리은행 및 크레딧스위스 사태 등의 금융시장 불안요인이 완전히 해소되지 않고 있으며, 이 외에도 지나치게 높은 공공ㆍ민간부채 수준, 신흥국 및 개도국 그룹 중심으로 나타나는 신용 스프레드 상승 등이 세계경제성장의 잠재적인 위험요인으로 작용하고 있습니다.","기술의 완성도 [제조 디지털솔루션 기술] 제조 디지털솔루션 기술.jpg 제조 디지털솔루션 기술 동사는 높은 수준의 제조 디지털솔루션 기술력을 보유중에 있으며, 해당 기술경쟁력에 기반하여 사업은 점진적인 성장세를 보이고 있습니다.",당사의 스마트팩토리 솔루션 사업은 전방산업의 업황 및 그에 따른 설비투자의 규모와 시기에 따라 영향을 받을 수 있습니다.,"예를 들어, 생산관리 애플리케이션은 생산 공정을 모니터링하고 생산 계획을 수립하는데 도움을 주며, AI & MLOps 애플리케이션은 머신 러닝 기술을 활용하여 생산 프로세스를 최적화합니다.","다만, 정부의 지원 및 기업의 수요에도 불구하고 아직 10만개 이상의 제조 기업이 스마트공장 구축을 필요로 하고 있지만 실제로 높은 수준의 스마트팩토리 시스템을 구축하고 있는 업체는 국내의 경우 일부 우량한 대기업 및 중견기업인 경우가 많으며 이를 제외한 대부분의 중소기업들의 경우 속해있는 산업의 특성, 회사의 규모, 투자여력, 사용자의 숙련도 부족 등으로 인하여 스마트팩토리의 본격적인 도입 시기를 예측하기 어려운 것이 현실입니다.","생산관리 기술 개요] 모듈 구성 및 역할.jpg 모듈 구성 및 역할 동사의 생산관리 기술은 수주부터 납품까지의 생산 활동 전반에 대한 정보 제공 및 의사결정을 지원하며, 수집한 제조 데이터(정보) 분석을 통해 생산 효율을 극대화할 수 있는 MES(Manufacturing Execution System) 애플리케이션에 해당됩니다.","따라서, 제조현장으로 솔루션 보급이 예상보다 더디게 진행될 경우 스마트팩토리 산업의 성장이 지체되어 당사의 매출 성장에 부정적 영향을 미칠 수 있습니다.","기업 성장전략 동사는 2005년 당시 'Industry 4.0' 시대를 맞이하여 대두된 스마트팩토리 관련 기술의 발달에 따라 급증하고 있는 시장의 요구사항을 충족하기 위해 제조 현장의 정보를 통합하고, 지능화하는 솔루션 전문기업을 설립했습니다.","스마트 팩토리 솔루션은 점차 고도화 단계로 나아가고 있으며 빅데이터, AI 등 최종적으로는 높은 수준의 IT기술력을 요구하고 있습니다.","설립과 동시에 삼성전기와 SK하이닉스 등 대기업 고객사를 대상으로 ITO 서비스를 제공하는 것으로 사업을시작하였으며 설립 이듬해인 2011년에는 기업부설연구소를 설립, 주요 고객사 제조 현장의 ITO 서비스 노하우를 토대로 자체 개발한 설비 인터페이스 솔루션, MES 및 EES 솔루션의 제품화에 성공하여 시장에 출시했습니다.","따라서, 당사와 같은 스마트 팩토리 솔루션 공급 기업들은 요소 기술의 변화에 대한 인지 및 신속한 기술적 대응이 필수적이며, 고객의 필요에 맞는 솔루션을 구성할 수 있어야 합니다.","이후 각 솔루션은 주요 고객사인 삼성전기 수원, 부산 공장을 시작으로 전기/전자, 반도체, 디스플레이 등 전자산업에 우선 적용되기 시작했습니다.","또한, 스마트팩토리 솔루션 시장에는 100여개 이상의 기업들이 경쟁하고 있으며 AI 기술이 고도화 되며 IT 스타트업의 시장 진입이 활발하게 이루어지며 경쟁이 심화되고 있습니다.",영업상황,국내외 경기 변동 및 불확실성 관련 위험,기술성,전방산업 업황 변동 위험,성장성,기술변화 및 경쟁심화에 따른 위험,373170
시지트로닉스,"시장의 규모 및 성장성 동사는 비메모리 반도체의 광·개별소자 분야에 속하는 특화반도체 소자(ESD, Sensor, Power 등)를 개발, 제조, 판매하는 사업을 영위하고 있으며, 신규 사업으로 화합물반도체 소재인 질화갈륨(GaN)을 사용한 Power 소자 및 RF(Radio Frequency) 소자를 개발하고 상용화하기 위한 노력을 하고 있습니다.","2020년 발생한 COVID-19 바이러스로 인한 전세계적인 질병은 아직 종식되지 않아 재유행할 가능성을 배제할 수 없고, 러시아와 우크라이나의 전쟁이 장기화되어 지정학적인 우려를 고조시키고 있으며, 원자재 공급망을 불안정하게 만들고 있습니다.","GaN 소재 전력반도체 시장 전망] gan power 시장.jpg gan power 시장 출처: Yole Development, Jun 2022또한, Maximize Market Research에 따르면, 당사의 GaN Power소자의 주요 전방시장인 GaN 어댑터 시장은 2022년 11.2억달러에서 2027년 14.5억 달러로 5.3%의 CAGR의 성장을 보일 것으로 전망됩니다.",세계 각국의 중앙은행들은 COVID-19 이후 확대한 유동성 공급을 회수하기 위한 정책을 펼치고 있으며 이로 인한 중소 은행들의 파산과 같은 금융위기에 대한 위험이 증가하고 있는 상황입니다.,"글로벌 GaN 어댑터 시장규모 전망] (단위 : 억달러) gan 어댑터 시장_1.jpg 글로벌 GaN 어댑터 시장 출처: Maximize Market Research, Aug 2021 광소자 시장 Emergen Research에 따르면, 당사의 주요목표 시장인 광소자 시장은 2022년 17억 달러의 시장을 형성하고 있습니다.",당사가 속한 반도체 시장 및 당사의 전방시장들은 모두 전세계적인 경기에 영향을 받습니다.,"기술의 완성도 동사는 창업 이래로 29건의 국책사업과 자체 연구개발 사업을 수행 완료하거나 진행하고 있으며, 국책연구기관과 대학으로부터 다수의 기술이전을 통하여 사업화를 추진하여 신기술과 신제품에 대한 공동개발을 활성화하고, 신속한 개발 및 사업화를 진행하고 있습니다.",당사가 생산하는 반도체 소자는 각 소자마다의 특성이 뚜렷하여 당사의 전방시장은 매우 다양하게 나뉘어 있습니다.,"특히, MCT, GaN FET에 필요한 소자구조, Epi성장, 제조공정에 대한 기술로 Power 소자의 제품 개발 및 사업화를 추진했습니다.",투자자께서는 이 점에 유의하시기 바랍니다.,"동사가 보유하고 있는 핵심 기술은 크게 신소자 설계 기술, Epi성장 미세접합 기술, 제조공정 기술로 구분할 수 있으며, 상기 기술을 통하여 신소자 설계 단계에서는 소자 변수에 대한 최적화 설계를 수행하여 기존보다 우수한 성능의 신제품을 구현할 수 있습니다.",갈륨나이트라이드(GaN)의 미래 사업성에 대한 위험당사는 산업의 변화에 따라 기존 Si(실리콘) 소재를 이용한 소자 사업영역을 확장하여 화합물소재인 GaN(질화갈륨) 소재를 이용한 Power소자 및 RF소자의 사업화를 신규 사업으로 추진하고 있습니다.,"재무적 성장성 (단위: 백만원) 구 분 2022년 2021년 2020년 매출액 (증감률 %) 14,521 (-6.28%) 15,495 (29.33%) 11,980 (-5.47%) ESD소자 7,115 (-26.56%) 9,688 (32.93%) 7,288 (7.24%) Power소자 5,434 (72.45%) 3,151 (-3.99%) 3,282 (-22.98%) Sensor소자 1,803 (-44.59%) 2,855 (359.57%) 794 (1.804.55%) 영업이익 (증감률 %) -4,847 (적자지속) -4,234 (적자지속) -3,392 (적자지속) 1인당 부가가치 -72 -53 -63 경상이익률 -33.26% -35.47% -59.18% 주1) 1인당 부가가치는 '영업이익/기말 임직원수'로 계산 주2) 경상이익률은 매출액 대비 법인세차감전순이익의 비율입니다.","당사가 영위하고 있는 반도체 소자의 개발 및 제조 사업은 개발회사가 보유한 특화된 기술 및 제품화 능력에 의하여 성패가 결정되는 기술지향형 산업이며, 이를 영위하기 위해서는 기술보호가 필수적입니다.","또한, 동사의 영업이익 악화는 동사가 2021년, 2022년 대규모 투자집행에 따른 고정비용의 증가, 그리고 Covid-19로 인한 공급망 이슈 악화가 주된 요인이라고 볼 수 있습니다.","당사는 오랜 시간 동안의 연구개발을 통해 취득한 기술을 지식재산권으로서 보호받기 위하여 국내 및 해외에서 특허 등록을 비롯하여 적극적인 조치를 취하고 있으나, 이러한 당사의 노력이 항상 성공적이라는 보장은 존재하지 아니합니다.","동사는 M-FAB 구축을 위한 2021년 반도체 전공정, 후공정 장비 구매, 2022년 Epi 공정 내재화를 위한 추가적인 장비 구매로 인한 감가상각액 상승으로 영업이익이 악화됐습니다.","특허는 지식재산권 보호를 위해 유용한 수단이나, 만일 당사가 적시에 특허 등록을 이행하지 못하거나, 특허가 등록되더라도 효과적으로 관리하지 못하는 경우 제3자에 의한 특허 무효 소송 등을 통해 특허가 무효 또는 소멸될 수 있고 이 경우 당사는 견고한 기술진입장벽을 구축하지 못하여 사업경쟁력이 약화될 수 있습니다.",영업상황,글로벌 경기침체 및 증시 변동에 따른 위험,기술력,전방산업의 성장 둔화로 인한 위험,재무상황,지적재산권 침해 관련 위험,429270
스마트레이더시스템,"시장의 규모 및 산업의 성장잠재력 주요 시장 규모 및 전망 동사는 '4D이미징 레이다'의 핵심 기술인 밀리미터파 레이다용 안테나 설계 및 배열, 레이다 신호처리 소프트웨어, AI 기술을 자체 개발해왔고 해당 원천기술도 확보하고 있습니다.",최근 미국 등 주요국가에서 경기둔화를 최소화하기 위해 COVID-19 직후 확대했던 유동성 공급을 다시 회수하기 위한 양적긴축 정책을 진행하고 있습니다.,"자율주행차 주요 센서별 특징.jpg 자율주행차 주요 센서별 특징 출처: 자율주행차 글로벌 산업 동향, KDB산업은행 미래전략연구소(2022.08) 글로벌 자율주행 전망자율주행차 시장은 자동차 판매와 모빌리티 서비스 제공으로 구분되며, 완성차 제조업체는 그동안 쌓아온 대량생산 능력을 바탕으로 자동차 판매 시장에 집중하고 있습니다.","이와 같이, 주요 국가의 기준금리 인상이 장기화되고, 러시아-우크라이나 전쟁으로 인한 지정학적 불안요소가 빠른 시일내에 해소되지 않을 시, 실질구매력 저하로 인한 소비심리 위축, 생산비용 증가 등으로 인해 글로벌 경기는 둔화 또는 침체될 수 있습니다.",현재 대부분의 완성차 제조업체의 기술력은 Lv.2 주행보조 수준에 머물러 있으며 향후 운전자의 개입이 필요없는 Lv.4 이상의 기능 제공을 목표로 기술개발에 매진하고 있습니다.,"당사가 주력으로 영위하는 모빌리티 및 비모빌리티용 레이다 사업은 전방 산업으로 모빌리티, 건설, 헬스케어 등 다양한 산업을 두고 있으며, 이러한 산업은 경기 변동에 민감하고 국내외 소비 심리 및 경기 변동, 경제성장, 각국 정부정책 등에 많은 영향을 받는 특징이 있으므로 향후 대내외적인 변수에 유의할 필요가 있습니다.","기술의 완성도동사는 자동차제조업체, 자율주행업체, 자동차부품업체, 시장조사기관으로부터 자율주행용 4D 이미징 레이다의 시장 요구사항을 확보했습니다.","당사는 모빌리티와 비모빌리티에 사용되는 4D이미징레이다와 싱글레이다를 제공하는 회사로, 최종고객의 니즈에 맞춰 레이다 제품을 제공하고 있습니다.",동사는 시장의 요구사항에 의거하여 정부를 포함한 산학연의 적극적인 협력을 토대로 자율주행용 4D 이미징 레이다 제품 개발 로드맵을 구현하고 있습니다.,"이 밖에 국내외 완성차업체(OEM)들의 레벨3이상의 자율주행차 양산이 국내외 경기상황 등 시장 현황에 따라 어떠한 변화를 가져 올지는 확신할 수 없으며, 향후 국내외 완성차업체(OEM)의 실적 및 안정성 이슈에 따른 레벨3 이상의 자율주행 시대가 지연될 경우 당사의 매출에 부정적인 영향을 미칠 수 있습니다.","4D 이미징레이다 기술의 핵심은 레이다의 하드웨어를 이용하여 300M 감지 및 라이다 수준의 각도해상도 성능, 사각지대 최소화를 위한 넓은 각도 범위, 타겟 감지 후 출력까지의 짧은 반응 시간 등을 이용하여 안전한 주행을 제공하는 것에 있습니다.","당사가 주력으로 하는 레이다 시장은 차량용 자율주행 레벨3 이상을 중심으로 연구개발이 진행되고 있으나 차량용 뿐만 아니라 산업, 병원, 안전 등 다양한 사업 분야에서 4D이미징레이다에 대한 수요가 존재합니다.","기업의 성장전략동사는 자체 개발한 4D 이미징레이다 기술 제품을 바탕으로 ADAS 및 AD 시장의 기술 트랜드를 선도하고 있는 테크 기업으로, 자율주행시 핵심 센서 중 하나인 레이다를 전문적으로 개발 및 납품하고 있습니다.","당사는 모빌리티 및 비모빌리티 전반에 걸쳐 4D이미징레이다를 공급하는 업체로서, 자율주행용 4D이미징레이다만을 공급하는 업체와 차이가 있습니다.","또한, 동사가 개발한 자율주행 자동차용 '4D 이미징레이다' 를 기반으로 새로운 수요에 따른 제품의 확장 개발도 진행했습니다.",이에따라 당사의 4D이미징레이다 제품이 제공하는 범용적인 기능을 포함하고 고객의 특수한 상황에 맞추어 추가 개발이 제공됩니다.,"악천후 속 뛰어난 객체인식성능과 긴 인식거리를 기반으로 드론 감지용 이미징 레이다인 RETINA-4A를 개발 및 납품하였고, 중대재해처벌법의 영향으로 건설현장의 사고율을 줄이기 위한 중장비 회사들에 싱글칩 레이다를 개발하여 개발하여 납품하고 있습니다동사는 '4D이미징 레이다'의 핵심인 모듈과 AI 소프트웨어 기술을 자체 개발해왔고 해당 원천기술을 보유하고 있습니다.","즉, 고객의 요구사항에 맞는 커스터마이징이 필요하며 이는 당사와 같이 4D이미징레이다의 기반이 되는 원천기술과 정확한 객체인식 기술을 보유한 기업만이 가능한 프로세스입니다.",영업 상황,글로벌 경제 침체 및 주식시장 변동 위험,기술력,주력 시장 성장 둔화 위험,성장성,목표 시장 내 경쟁 심화 위험,424960
넥스틸,"사업의 특성동사는 단일 사업부문(강관 제조 및 판매)으로 구성되어 있으며, 강관은 내부가 비어있고, 봉형태를 띠는 철강제품을 통칭합니다.",최근 미국 등 주요국가에서 경기둔화를 최소화하기 위해 COVID-19 직후 확대했던 유동성 공급을 다시 회수하기 위한 양적긴축 정책을 진행하고 있습니다.,2022년 기준 세계 주요 국가별 조강생산량 비중] (단위: 백만톤) 세계 주요 국가별 조강생산량 비중.jpg 세계 주요 국가별 조강생산량 비중 출처: 세계철강협회(World Steel Association) 세계 철강시장이 최근 10~20년 사이에 이처럼 압축적인 성장을 기록할 수 있었던 것은 중국의 경제성장에 따른 것으로 볼 수 있습니다.,"주요 국가의 기준금리 인상이 장기화되고, 러시아-우크라이나 전쟁으로 인한 지정학적 불안요소가 빠른 시일내에 해소되지 않을 시, 실질구매력 저하로 인한 소비심리 위축, 생산비용 증가 등으로 인해 글로벌 경기는 둔화 또는 침체될 수 있습니다.","전세계, 중국 월별 조강생산량 추이] (단위: 백만톤, %) 전세계, 중국 월별 조강생산량 추이.jpg 전세계, 중국 월별 조강생산량 추이 출처: 세계철강협회(World Steel Association) 세계 1위 철강 생산국인 중국은 탄소배출 저감을 위해 국가 주도로 자국 내 철강생산량을 줄여나가고 있으며, 이와 같은 공급 감소와 더불어 글로벌 철강재 수요 증가로 인해 2021년 2분기부터 철강가격이 가파른 상승 추세를 보이고 있습니다.","당사 영위 사업의 전방 시장인 에너지/자동차/풍력/건설 산업 등은 경기변동 및 경제성장 등 거시적 경제 요인의 영향을 받기 때문에 향후 경제 전망, 국내외 정세, 각국 정부의 경제정책 등에 유의할 필요가 있습니다.","동사는 강관의 제조 및 판매를 주력 사업으로 영위하고 있으며, 최근 3개 사업연도 간 주요 수익성 지표는 아래와 같습니다.","당사 주요 제품인 유정관(OCTG Pipe), 송유관(Line Pipe)의 경우 에너지(석유 및 가스)를 채굴 또는 이송하는데 사용되는 바, 당사는 에너지 산업 관련 수주를 주수입원으로 하고 있습니다.","주요 수익성 지표] (단위: %) 구 분 2023년 1분기 2022년 2021년 2020년 매출액총이익률 48.08% 39.31% 25.38% 10.99% 영업이익률 33.48% 27.12% 4.00% 0.72% 법인세차감전순이익률 36.24% 28.30% 0.00% -2.46% 당기순이익률 28.44% 21.57% -0.27% -2.91% (주1) K-IFRS 연결재무제표 기준, 2020년(제31기)는 감사받지 않은 재무제표입니다.","다만 당사가 통제할 수 없는 이유로 유가하락에 의해 석유산업 등 에너지시장이 침체될 경우, 미국 현지에서 제품수요의 감소로 당사 주요제품의 가격이 하락할 위험이 있으며, 원자재 가격이 증가하는 경우 제품별 스프레드가 감소하여 당사 실적에 부정적인 영향을 줄 수 있습니다.",동사는 2020년과 2021년에 K-GAAP으로 외부회계감사를 받아 적정의견을 받았으며 2022년 중에 K-GAAP에서K-IFRS로 회계기준을 전환했습니다.,투자자께서는 이 점에 유의하시기 바랍니다.,"셰일산업용 전기저항용접 강관(ERW) 시장에서의 높은 Brand Power동사는 국내 강관업체 중 최초로 미국석유협회인증(API) 기준 강도의 1.3배가 보증되는 전기저항용접 강관(ERW)을 주도적으로 포스코와 공동개발하였으며, 높은 품질 및 가격경쟁력으로 미국 셰일산업 강관시장에서 선도기업 입지를 구축한 바 있습니다.","당사가 영위하고 있는 에너지 강관 산업은 기술력과 인력, 생산설비 등이 구비된다면 별도의 법규 및 정책에 따른 진입장벽은 존재하지 않으나, 초기 설비투자 규모가 크고 기간산업의 성격을 가지고 있어 후발업체의 시장진입이 제한적입니다.","셰일 유정은 개발 난이도가 높아 유정관의 품질에 따라 유정의 성공여부과 좌우되며, 유정사들의 NEXTEEL 강관에 대한 긍정적 사용경험이 지속적 재구매로 이어짐에 따라 전기저항용접 강관(ERW) 시장에서 NEXTEEL의 높은 브랜드 인지도가 구축 및 유지됐습니다.",또한 제품 생산 후 판매를 위해서는 판매망 구축 및 인력 구인에 상당한 시간이 소요되므로 신규업체가 해당 산업에 새로 진입하기에는 어려울 것으로 판단됩니다.,"주요 개발내역] 날짜 주요 개발내역 2009.04 J55-HCP (L80/N80 열처리용 : Nb 합금강) 소재 개발 2010.02 J55-PT (HC P110 열처리용 : Ti-B 합금강) 소재 개발 2014.02 ~ HC-K55 열처리/비열처리용 (8.625"" x 0.352"") 소재 개발 2014.02 ~ 항복강도 135ksi급 Seamless 대체형 ERW 강관 개발(정부 R&D 과제) 2015.12 ~ J55-M / Tubing용 Non-up & Upgradeable 겸용 소재 개발 고품질 파이프 생산에 최적화된 전문설비 동사는 전기저항용접 강관(ERW) 개발 단계부터 유정관(OCTG Pipe)용 강관생산에 목적을 두고 체계적인 공장 설계 및 시설을 구축했습니다.","당사는 ① 셰일산업용 전기저항용접 강관(ERW)시장에서의 높은 Brand Power, ② 고품질 파이프 생산에 최적화된 전문설비, ③ 입지의 우수성 등 후발주자들이 넘기 어려운 진입 장벽이 시장 내 존재한다고 판단합니다.",사업의 성장성,글로벌 경제 침체 및 주식시장 변동 위험,사업의 수익성,주요 전방시장 수요변동 및 가격변동 위험,회사의 경쟁력,시장경쟁 심화에 따른 위험,92790
파로스아이바이오,"주요 파이프라인 별 시장 규모 및 성장 잠재력 동사는 AI(인공지능) 신약개발 플랫폼을 기반으로 한 오픈이노베이션 전략을 통해, 희귀 난치성 질환 중심의 혁신 신약을 개발하고 있습니다.",국제통화기금 IMF가 발표한 2023년 1월 발표에 따르면 코로나19로 인한 팬데믹의 영향으로 2020년 세계경제 성장률은 -3.2%로 나타났습니다.,동사의 PHI-201은 KRAS의 다양한 돌연변이를 저해하는 신규 표적치료제로서 비소세포폐암 (NSCLC)을 비롯한 KRAS 돌연변이 표적 고형암 시장에서 높은 매출액을 기대해 볼 수 있습니다.,"국제적인 경기회복은 2021년 5.9%로 회복세를 보였으나, 러시아-우크라이나 전쟁, 각국의 긴축적인 통화정책 및 재정정책, 중국 부동산 시장 리스크 및 소비감소 등 경기 둔화 요인이 존재하고 있습니다.","비소세포폐암에서 글로벌 KRAS저해제의 시장규모 및 연평균 성장률】 (단위: 억원 연도 2020년 2021년 2022년 (최근사업연도) 2023(E) 2024년(E) 규모 (성장률) 2,460 2,980 (32%) 2,411 (32%) 4,033 (32%) 5,746 (32%) 출처: DECISION RESOURCE GROUP (2021) Key Findings on NSCLC KRAS 표적 항암제는 2021년에 암젠의 소토라십(Sotorasib)의 허가를 시작으로 새로운 시장 형성되어 급성장을 예고하고 있습니다.",이렇듯 실물경제 및 금융시장의 변동성이 커지는 상황 속에서 상장 이후 당사 주가 역시 급격한 변동성을 보일 가능성이 존재하므로 투자자께서는 이 점 유의하시어 투자에 임하시기 바랍니다.,"PHI-101은 FLT3 타이로신 수용체 키나아제 단백질을 표적하는 항암제로서, 경쟁약물의 한계를 극복한 차세대 표적 항암 치료제입니다.","신약 연구개발을 통하여 가시적인 결과가 나오는 제품의 상용화 단계까지는 많은 비용과 시간이 요구되며, 연구개발 과정에서 수많은 변수가 발생할 수 있습니다.","PHI-101-OC (재발성 난소암 치료제) PHI-101-OC는 허가 받은 표적치료제(PARP1 저해제)의 한계를 극복해낸, First-in-class CHK2 표적 항암제입니다.","또한, 당사가 변수들을 미리 찾아내어 극복하지 못한 경우에 지출했던 연구개발 비용 및 시간 등의 큰 손실을 발생할 수 있으므로 투자자 여러분들께서는 이 점 유의하시기 바랍니다.","PHI-101-OC의 경우, 난소암 치료제로 널리 사용되는 PARP 단백질 저해제인 올라파립(Olaparib) 대비 BRCA 돌연변이 유무와 상관없이 더 낮은 농도로 암세포의 성장을 저해하는 우수한 항암효과를 보이는 것을 세포주 패널에서 검증하는 등 전임상 연구에서 경쟁우위를 보였습니다.","당사가 영위하고 있는 사업 부문의 공시서류 및 회사 IR자료 등 관련 자료를 참고하더라도 합리적인 투자의사 결정하기에는 고도의 전문적 식견이 필요하며, 관련 산업 및 기술을 정확히 이해하기에는 한계가 있으므로 투자자 여러분께서는 이 점 유의하여 주시기 바랍니다.",기업의 성장전략 동사는 인공지능 신약개발 플랫폼을 기반으로 희귀ㆍ난치성 질환 치료제를 중점적으로 개발하는 신약개발 전문기업입니다.,"당사의 기술 수준에도 불구하고, 새로운 치료법의 등장, 시장 환경의 변화, 면역항암제 및 대사항암제 등 신규항암제 개발 등으로 글로벌 경쟁력 및 기준에 부합하지 않게 되는 경우, 당사의 사업계획 및 수익창출 등에 부정적인 영향을 미칠 수 있으므로 투자자께서는 이 점 유의하여 주시기 바랍니다.","현재 동사가 수집 및 가공하여 확보하고 있는 빅데이터(Data Base; DB)는 화합물DB(2억건), 약물 DB(200만건), 의약품 DB(1만 5천건) 등으로 향후 법률 및 제도의 확대와 허용 범위 안에서 더욱 다양하고 유의한 비임상 및 임상 정보 데이터를 다양하게 구축하여 후보 물질의 비임상 및 전/후기 임상 개발 단계까지 동사의 케미버스(Chemiverse)를 확대 구축하여 활용하고 있습니다.",,신약개발 각 단계에서 적용되는 케미버스(Chemiverse ) 모듈] 그림11.jpg 신약개발 각 단계에서 적용되는 케미버스(Chemiverse) 모듈 동사는 그동안 쌓아온 신약개발 역량과 우수 파이프라인을 바탕으로 글로벌 기술이전(L/O)의 실적을 상시화 하는 단계로 성장하여 지속 성장 기반을 구축할 것입니다.,,산업의 개요 및 성장 잠재력,글로벌 경기침체 및 증시 변동에 따른 위험,기술력,신약개발 특성에 따른 위험,성장성,새로운 치료 요법 등장에 따른 시장 환경 변화 위험,388870
에이엘티,시작 혹은 종료가 지정되지 않았습니다.,"반도체 시장은 반도체 소자 제조업, 반도체 장비 및 원ㆍ부자재 제조업 등을 포괄하고 있습니다.",,"반도체 제품은 PC와 가전제품, 스마트폰, 자동차 등 소비재뿐만 아니라 공작용 기계, 국방용 무기, 항공우주 장비 등 다양한 분야에서 이용하고 있으며 사용범위가 점차 확대되고 있습니다.",,"다만, 급격한 기술 변화로 인해 반도체가 다른 소재로 대체되거나, 글로벌 소비 수요가 감소하고 수급 불균형이 발생할 경우 반도체시장이 구조적으로 둔화 또는 침체될 수 있습니다.",,"반도체 테스트하우스는 통상 종합반도체회사에서 제조한 다양한 제품군을 기술적 Know-How 및 고가의 테스트시스템 구축을 통하여, 전문적으로 전수검사를 통해 제품의 양품 및 불량품을 선별하는 역할을 수행합니다.",,향후에도 이러한 각 Application별 테스트 장비에 대한 투자가 지속적으로 이루어질 예정입니다.,,"다만, 당사의 고객사들과의 지속적인 협의 과정을 통한 생산계획 공유와 이에 따른 설비 투자계획을 수립 등의 설비투자 관련 노력에도 불구하고 고객사가 요구하는 수요 물량에 대한 예측 및 적정 규모의 설비 투자에 실패할 경우에는 물량 대응력, 납기 지연 등의 문제가 발생되어 매출 및 수익성 악화로 이어질 수 있으며 시장 내 신뢰성 하락의 결과를 초래하게 될 가능성이 존재합니다.",,당사가 속해 있는 반도체 테스트 산업은 수요자 우위의 시장으로써 고객사인 종합반도체 업체 및 팹리스 업체들에 의한 단가인하 위험에 노출되어 있습니다.,,메모리 반도체 산업과 마찬가지로 국내 비메모리 반도체 시장 규모가 크게 성장함으로 인해 점차 대량생산화 되는 추세에 있으며 이로 인해 제조사들의 단가 인하 움직임이 나타날 수 있습니다.,,전방업체에 대한 높은 의존도로 인해 단가 인하 위험으로부터 자유롭지 않으며 전방 시장의 불황 및 고객사 수익 악화 등으로 인하여 추후 가격 인하 압력을 받게 될 경우 당사의 영업성과에 부정적인 영향으로 작용할 위험이 있습니다.,error,전방산업(반도체 시장) 침체에 따른 성장성 악화 위험,,대규모 설비투자 관련 위험,,전방 업체의 단가 인하 압력에 따른 수익성 악화 위험,172670
